<?xml version="1.0" encoding="UTF-8"?>
<project-private xmlns="http://www.netbeans.org/ns/project-private/1">
    <editor-bookmarks xmlns="http://www.netbeans.org/ns/editor-bookmarks/2" lastBookmarkId="0"/>
    <open-files xmlns="http://www.netbeans.org/ns/projectui-open-files/2">
        <group>
            <file>file:/C:/Users/Bruno/Documents/NetBeansProjects/OOPGame/src/oopgame/choosers/Wave.java</file>
            <file>file:/C:/Users/Bruno/Documents/NetBeansProjects/OOPGame/src/oopgame/main/OOPGame.java</file>
            <file>file:/C:/Users/Bruno/Documents/NetBeansProjects/OOPGame/src/oopgame/choosers/WaveLV1.java</file>
            <file>file:/C:/Users/Bruno/Documents/NetBeansProjects/OOPGame/src/oopgame/gameobjects/Projectile.java</file>
            <file>file:/C:/Users/Bruno/Documents/NetBeansProjects/OOPGame/src/oopgame/screens/Level1.java</file>
        </group>
    </open-files>
</project-private>
